target,target_label,model_name,target_transform,train_rmse,train_mae,train_normalised_rmse,train_r2,train_max_abs_error,validation_rmse,validation_mae,validation_normalised_rmse,validation_r2,validation_max_abs_error
area_average_p_rgh_top_0p01_mean_Pa,Area-average top 1% pressure [Pa],poly2_ridge,raw,661.1699844471614,506.0876002545198,0.1562819976303154,0.23883775550373532,2761.331699963722,602.6497106300305,443.8338446059224,0.21949028162319228,0.10703908562576736,2074.1886399609493
area_average_p_rgh_top_0p01_mean_Pa,Area-average top 1% pressure [Pa],poly2_ridge,log1p,671.7436633159206,487.202386615811,0.15878131806951057,0.21429749828856426,3014.4844044003794,606.3389603259645,428.1612287796359,0.22083393854437836,0.0960727173460163,2251.3331770802583
area_average_p_rgh_top_0p01_mean_Pa,Area-average top 1% pressure [Pa],poly3_ridge,raw,642.9059682127815,497.4925365846949,0.15196489762728357,0.2803092943207368,2655.256493270498,588.8858514150256,428.9810508894741,0.2144773640326983,0.14736180148882416,1978.0742892496996
area_average_p_rgh_top_0p01_mean_Pa,Area-average top 1% pressure [Pa],poly3_ridge,log1p,650.7864690889301,478.01056895624004,0.15382762649916623,0.262557762295887,2875.7539052988272,590.2118840123998,405.8357075456572,0.2149603166718606,0.14351759638728645,2208.3134904634353
area_average_p_rgh_top_0p01_mean_Pa,Area-average top 1% pressure [Pa],rbf_svr,raw,750.1329945742518,480.8013318732412,0.17731035231204367,0.02022237823961126,3366.6439860236524,661.8009906801805,430.61776044559554,0.24103369380372203,-0.0768553524484088,2438.9759837122
area_average_p_rgh_top_0p01_mean_Pa,Area-average top 1% pressure [Pa],rbf_svr,log1p,600.8361404262619,371.65252247578377,0.14202077299806565,0.3714163583971173,2835.662304423537,645.1029333288005,468.67912731393244,0.23495211565647126,-0.023200110763190063,2019.415481151831
area_average_p_rgh_top_0p01_mean_Pa,Area-average top 1% pressure [Pa],kernel_ridge_rbf,raw,282.11371258653384,203.50005059473,0.06668375092495088,0.8614203781992046,1129.850537910258,953.1440956771952,727.8253854966734,0.347143394077066,-1.2336733828215962,2999.121973202642
area_average_p_rgh_top_0p01_mean_Pa,Area-average top 1% pressure [Pa],kernel_ridge_rbf,log1p,289.29381579136435,196.8269135508717,0.06838092547678873,0.8542766055614545,1527.5030852945388,989.7151002288999,731.9713270828248,0.36046287294963536,-1.4083684983809133,3337.1422378223606
area_average_p_rgh_top_0p01_mean_Pa,Area-average top 1% pressure [Pa],random_forest,raw,434.65597542591246,324.51240896507204,0.10274045361922134,0.6710406095932642,1834.2356230179507,726.2614761078488,532.0363774982152,0.26451076489580855,-0.2968464608681043,2528.7946261184798
area_average_p_rgh_top_0p01_mean_Pa,Area-average top 1% pressure [Pa],random_forest,log1p,454.33049882349104,320.74570814822727,0.10739095786370688,0.6405861881620735,2135.5601829728066,706.0476347624409,514.5202342161923,0.2571487075491755,-0.22566151611775487,2588.576757639553
area_average_p_rgh_top_0p01_mean_Pa,Area-average top 1% pressure [Pa],extra_trees,raw,2.8296884929839998e-11,2.377480136959626e-11,6.688588120418491e-15,1.0,8.640199666842818e-11,757.6633487494202,559.0740679506168,0.27594760083552644,-0.41141621822220364,2159.958536666664
area_average_p_rgh_top_0p01_mean_Pa,Area-average top 1% pressure [Pa],extra_trees,log1p,2.5081780087675204e-10,2.0614240991234042e-10,5.928627718186152e-14,1.0,8.121787686832249e-10,735.4160427102903,536.3876027817658,0.2678449379091956,-0.3297461580955048,2046.749531446414
area_average_p_rgh_top_0p01_mean_Pa,Area-average top 1% pressure [Pa],gradient_boosting,raw,478.7904384639708,366.1061018316182,0.11317259998124407,0.600844684555563,1802.273881643318,683.1658128669477,508.2049904582034,0.2488149484129718,-0.1475055520293338,2413.232587005452
area_average_p_rgh_top_0p01_mean_Pa,Area-average top 1% pressure [Pa],gradient_boosting,log1p,494.46905801063315,355.747087500851,0.11687858488751127,0.5742749355979522,2183.9832058230895,662.3078667573587,487.40525680572557,0.24121830249259305,-0.07850551995189514,2572.076354012267
area_average_p_rgh_top_0p01_mean_Pa,Area-average top 1% pressure [Pa],knn_distance,raw,0.0,0.0,0.0,1.0,0.0,635.7576953076044,474.10722463794514,0.2315484984491159,0.006230195991630771,1853.079098805304
area_average_p_rgh_top_0p01_mean_Pa,Area-average top 1% pressure [Pa],knn_distance,log1p,8.57636060194185e-13,5.846751654254539e-13,2.0272105491753786e-16,1.0,3.637978807091713e-12,631.5421536257323,452.68519871868574,0.2300131613957203,0.019365354441678195,2154.310655625264
area_average_p_rgh_top_0p01_mean_Pa,Area-average top 1% pressure [Pa],gaussian_process_matern,raw,681.3843439273666,531.9991436732407,0.16106010394895792,0.1915832924155325,2660.9698124560814,637.9639871356084,462.86670825720756,0.23235204917871846,-0.0006791993582204725,1930.3498198250727
area_average_p_rgh_top_0p01_mean_Pa,Area-average top 1% pressure [Pa],gaussian_process_matern,log1p,685.5351944203861,508.495973426225,0.16204124831753705,0.18170388213456723,2862.9611758369438,649.9342594914374,448.58779311422245,0.23671172678934982,-0.03858346866147655,2038.999853286663
area_average_p_rgh_top_0p01_mean_Pa,Area-average top 1% pressure [Pa],gaussian_process_rbf,raw,681.1875555350912,531.7813247799608,0.16101358870510432,0.19205017737668295,2662.8997736718743,637.9639871356084,462.86670825720756,0.23235204917871846,-0.0006791993582204725,1930.3498198250727
area_average_p_rgh_top_0p01_mean_Pa,Area-average top 1% pressure [Pa],gaussian_process_rbf,log1p,685.2762067302589,507.93675541559895,0.16198003090820684,0.1823220519702644,2867.296373930129,649.9342594914374,448.58779311422245,0.23671172678934982,-0.03858346866147655,2038.999853286663
area_average_p_rgh_top_0p05_mean_Pa,Area-average top 5% pressure [Pa],poly2_ridge,raw,142.9617556120635,111.05241955431525,0.10397440704507623,0.7298814808849249,584.1397694865532,129.0290061036186,95.99183354213328,0.11860419764071388,0.6756088125097858,467.54297208409594
area_average_p_rgh_top_0p05_mean_Pa,Area-average top 5% pressure [Pa],poly2_ridge,log1p,145.545497287516,111.26623871994383,0.10585353204261617,0.7200295707794581,617.7792168072981,131.37205300053887,96.05203669826902,0.1207579396994617,0.6637205586298582,483.49439390734165
area_average_p_rgh_top_0p05_mean_Pa,Area-average top 5% pressure [Pa],poly3_ridge,raw,135.5306482977222,106.69426490230447,0.09856984990747648,0.7572330031068892,547.155654770828,122.37696548874956,88.72073064354133,0.11248960400301355,0.7081943451979592,440.14704364309273
area_average_p_rgh_top_0p05_mean_Pa,Area-average top 5% pressure [Pa],poly3_ridge,log1p,135.880631742616,104.89089312161957,0.09882438875951165,0.755977580313557,561.094272664053,122.68977693799302,85.30060946221205,0.11277714206961352,0.7067006521425415,472.1207896884134
area_average_p_rgh_top_0p05_mean_Pa,Area-average top 5% pressure [Pa],rbf_svr,raw,155.8477271014155,112.62611982509894,0.1133462228784016,0.6789922184659618,657.3173243079652,131.38537914034958,94.31965569510565,0.12077018916311044,0.6636523320316345,498.27890797451073
area_average_p_rgh_top_0p05_mean_Pa,Area-average top 5% pressure [Pa],rbf_svr,log1p,115.43322146952903,77.46579499459848,0.08395322724047796,0.8238931510286223,628.2613248382652,139.7237717792837,104.38526917492779,0.1284348871904657,0.6196048728468989,391.4324934856959
area_average_p_rgh_top_0p05_mean_Pa,Area-average top 5% pressure [Pa],kernel_ridge_rbf,raw,59.11682119904629,43.95911194022127,0.04299497025791952,0.9538111912878271,222.70339978763786,197.12433520146124,151.49291353054917,0.18119781216676953,0.2428623775527109,623.3219979913488
area_average_p_rgh_top_0p05_mean_Pa,Area-average top 5% pressure [Pa],kernel_ridge_rbf,log1p,59.69487167471679,43.92477550021835,0.043415379584824096,0.9529034970858715,255.50233767223494,240.6852814055751,182.37177679406557,0.22123928213562433,-0.1287386831620958,761.7533362290069
area_average_p_rgh_top_0p05_mean_Pa,Area-average top 5% pressure [Pa],random_forest,raw,92.07146739310664,70.14629301919508,0.06696249767627035,0.8879621556867646,426.38999964442246,155.9140693237976,112.24678257165942,0.14331710094858313,0.5263419126371065,603.3509472653718
area_average_p_rgh_top_0p05_mean_Pa,Area-average top 5% pressure [Pa],random_forest,log1p,92.59476874107169,69.55239004582253,0.06734308860513527,0.8866849702275612,447.39934803123833,153.44697265683712,110.78927633702205,0.14104933163435665,0.5412131166636014,592.2668781909299
area_average_p_rgh_top_0p05_mean_Pa,Area-average top 5% pressure [Pa],extra_trees,raw,1.8841031138698343e-11,1.5739826675580474e-11,1.370286082719785e-14,1.0,4.774847184307873e-11,157.4387463983118,114.81233527999842,0.14471859280335822,0.5170328529412257,429.86808703704173
area_average_p_rgh_top_0p05_mean_Pa,Area-average top 5% pressure [Pa],extra_trees,log1p,1.5073000844024906e-10,1.3352436228277184e-10,1.0962416615812584e-13,1.0,3.269633452873677e-10,153.42260297844513,111.99207992226418,0.14102693088711596,0.5413588295543706,442.4394815350579
area_average_p_rgh_top_0p05_mean_Pa,Area-average top 5% pressure [Pa],gradient_boosting,raw,99.96825660012314,77.52318128263481,0.07270573978912961,0.8679194553651836,384.7141849598934,151.8815517461101,111.83983029633755,0.1396103878131691,0.5505261863627605,581.0029588615469
area_average_p_rgh_top_0p05_mean_Pa,Area-average top 5% pressure [Pa],gradient_boosting,log1p,100.55463272773004,76.4291652013489,0.07313220426497696,0.8663654416430979,413.37502684119227,150.82835677536167,109.89488536918199,0.13864228499476453,0.5567381621889678,599.2377736523913
area_average_p_rgh_top_0p05_mean_Pa,Area-average top 5% pressure [Pa],knn_distance,raw,0.0,0.0,0.0,1.0,0.0,129.77674822461108,96.25716405148019,0.11929152645909802,0.6718381286896921,424.28889003189033
area_average_p_rgh_top_0p05_mean_Pa,Area-average top 5% pressure [Pa],knn_distance,log1p,3.9348773237003236e-13,3.2382519082804335e-13,2.8617900974652995e-16,1.0,9.094947017729282e-13,129.27928255866365,94.73979098464761,0.11883425318431114,0.6743491544184406,455.78111758687555
area_average_p_rgh_top_0p05_mean_Pa,Area-average top 5% pressure [Pa],gaussian_process_matern,raw,174.36148267272543,135.2206639376721,0.12681106002637232,0.5981946442723992,552.304042398827,230.26450987396606,189.2939870826045,0.21166044956435628,-0.03311426035691167,684.2258531195334
area_average_p_rgh_top_0p05_mean_Pa,Area-average top 5% pressure [Pa],gaussian_process_matern,log1p,173.8786764724549,135.30290368900438,0.12645992074317108,0.6004167581204484,577.7297529028249,235.88910353030724,193.04817763292658,0.21683060810320195,-0.08420174866416197,708.7384124642258
area_average_p_rgh_top_0p05_mean_Pa,Area-average top 5% pressure [Pa],gaussian_process_rbf,raw,175.32696649936503,136.05804476264055,0.1275132450824853,0.5937325277759329,553.1437319498104,230.26450987396606,189.2939870826045,0.21166044956435628,-0.03311426035691167,684.2258531195334
area_average_p_rgh_top_0p05_mean_Pa,Area-average top 5% pressure [Pa],gaussian_process_rbf,log1p,175.2643436214377,136.56070092571144,0.12746770019831627,0.5940226952867755,579.7679454426852,235.88910353030724,193.04817763292658,0.21683060810320195,-0.08420174866416197,708.7384124642258
area_average_p_rgh_rolling_0p025s_peak_mean_Pa,Area-average 0.025 s rolling peak pressure [Pa],poly2_ridge,raw,190.20159896862748,114.69254795621302,0.10395881380016732,0.5836468074168291,1115.529034153704,161.24628089825435,97.07141342509502,0.14534107422819126,0.5048962442015866,841.7514827600719
area_average_p_rgh_rolling_0p025s_peak_mean_Pa,Area-average 0.025 s rolling peak pressure [Pa],poly2_ridge,log1p,193.06153300854425,110.89923789412445,0.10552197284798115,0.5710318254760751,1170.8119872891784,163.17970823677115,93.783413633521,0.1470837898105711,0.4929519552704287,881.0149451537125
area_average_p_rgh_rolling_0p025s_peak_mean_Pa,Area-average 0.025 s rolling peak pressure [Pa],poly3_ridge,raw,175.13036823786803,104.76466636966761,0.09572130539974208,0.6470148024206305,1065.5707644081117,155.26627129098483,96.10943509677142,0.13995092807800574,0.5409383060297828,810.4713179432563
area_average_p_rgh_rolling_0p025s_peak_mean_Pa,Area-average 0.025 s rolling peak pressure [Pa],poly3_ridge,log1p,176.18971465847258,99.77652255358282,0.09630031418771587,0.6427315412911276,1107.180904212558,154.81602582361447,90.50683395565706,0.139545094470375,0.5435968456066491,864.4371323932269
area_average_p_rgh_rolling_0p025s_peak_mean_Pa,Area-average 0.025 s rolling peak pressure [Pa],rbf_svr,raw,211.48929054292583,91.41614267308627,0.11559406385383747,0.4852334330108574,1324.000192482014,165.78557728557922,58.846359622780774,0.14943261798038635,0.4766282228849529,982.3754585687759
area_average_p_rgh_rolling_0p025s_peak_mean_Pa,Area-average 0.025 s rolling peak pressure [Pa],rbf_svr,log1p,166.41531172623695,73.98064377161438,0.09095790203161355,0.6812720586544297,1228.0927466278586,149.95060076235083,72.27389956536588,0.1351595911208309,0.5718329646048792,855.0201874412169
area_average_p_rgh_rolling_0p025s_peak_mean_Pa,Area-average 0.025 s rolling peak pressure [Pa],kernel_ridge_rbf,raw,78.4618309440291,42.91170172002235,0.042885017359270146,0.9291482716713451,459.9895070316611,249.72566471246424,144.14294202752143,0.22509292102408796,-0.1875260995510144,1033.6963687474392
area_average_p_rgh_rolling_0p025s_peak_mean_Pa,Area-average 0.025 s rolling peak pressure [Pa],kernel_ridge_rbf,log1p,78.44486609852302,41.830991770559415,0.042875744854597844,0.9291789071705374,566.7577677310865,295.9812441121628,182.31120566508235,0.2667858863535746,-0.6681887592142999,1126.5225598906547
area_average_p_rgh_rolling_0p025s_peak_mean_Pa,Area-average 0.025 s rolling peak pressure [Pa],random_forest,raw,120.41784327448907,64.34997656143723,0.06581698689744025,0.8331157846544223,793.8564125288269,194.03647847994367,104.55957537020406,0.17489687244027244,0.28305873794077807,1026.014822983857
area_average_p_rgh_rolling_0p025s_peak_mean_Pa,Area-average 0.025 s rolling peak pressure [Pa],random_forest,log1p,123.26610213755689,63.542463630075495,0.06737376462384193,0.8251277498766261,887.8782417373561,185.13159370009967,99.32865962054593,0.1668703585103328,0.34735368939612576,1008.657510374281
area_average_p_rgh_rolling_0p025s_peak_mean_Pa,Area-average 0.025 s rolling peak pressure [Pa],extra_trees,raw,1.9245893309567522e-11,1.5983772776347555e-11,1.0519260878123489e-14,1.0,4.7975845518521965e-11,183.14924982230096,92.52755396635847,0.16508355147773685,0.3612556140654144,775.3714339814617
area_average_p_rgh_rolling_0p025s_peak_mean_Pa,Area-average 0.025 s rolling peak pressure [Pa],extra_trees,log1p,1.5686015934556438e-10,1.404466643405443e-10,8.573532602509738e-14,1.0,3.41970007866621e-10,175.79447365708467,88.89050669297055,0.1584542446645463,0.4115260476871554,801.2450452173321
area_average_p_rgh_rolling_0p025s_peak_mean_Pa,Area-average 0.025 s rolling peak pressure [Pa],gradient_boosting,raw,122.60672029975974,71.40323357551793,0.06701336516310936,0.8269936185756566,679.3255246282524,199.1571452757795,108.08078078748647,0.17951244067989605,0.24471894251398085,991.4406533371591
area_average_p_rgh_rolling_0p025s_peak_mean_Pa,Area-average 0.025 s rolling peak pressure [Pa],gradient_boosting,log1p,124.24378854910347,69.37458662115543,0.06790814036076562,0.8223427466064092,788.0466941516456,191.46337841717224,104.6793543283023,0.1725775809494144,0.3019472481113311,1011.271386171366
area_average_p_rgh_rolling_0p025s_peak_mean_Pa,Area-average 0.025 s rolling peak pressure [Pa],knn_distance,raw,0.0,0.0,0.0,1.0,0.0,151.12936478722733,83.2488381859794,0.136222082786888,0.5650748502160419,743.3066257905775
area_average_p_rgh_rolling_0p025s_peak_mean_Pa,Area-average 0.025 s rolling peak pressure [Pa],knn_distance,log1p,4.1022534204119596e-13,3.4271775569723317e-13,2.2421756799428857e-16,1.0,9.094947017729282e-13,148.84628080752302,79.18669384179756,0.13416420042014504,0.5781162644942499,806.2133742219194
area_average_p_rgh_rolling_0p025s_peak_mean_Pa,Area-average 0.025 s rolling peak pressure [Pa],gaussian_process_matern,raw,223.22716329183325,159.10504699871547,0.12200965307143916,0.42650761873327514,1009.4314792643199,230.2510600653881,189.26284066893416,0.2075392761039835,-0.0095319878262079,642.4103789115641
area_average_p_rgh_rolling_0p025s_peak_mean_Pa,Area-average 0.025 s rolling peak pressure [Pa],gaussian_process_matern,log1p,222.97816446461923,160.3006028272694,0.12187355735586596,0.4277863097822088,1059.5419547026447,234.21961274485756,192.7142652105742,0.2111163738599883,-0.04463199900169035,668.4502182459735
area_average_p_rgh_rolling_0p025s_peak_mean_Pa,Area-average 0.025 s rolling peak pressure [Pa],gaussian_process_rbf,raw,223.32269456472943,159.22232901625796,0.12206186776292945,0.4260166553625899,1009.943141251636,230.2510600653881,189.26284066893416,0.2075392761039835,-0.0095319878262079,642.4103789115641
area_average_p_rgh_rolling_0p025s_peak_mean_Pa,Area-average 0.025 s rolling peak pressure [Pa],gaussian_process_rbf,log1p,223.4256912736189,160.61174869741288,0.1221181628505603,0.42548708958505344,1057.7363103110506,234.21961274485756,192.7142652105742,0.2111163738599883,-0.04463199900169035,668.4502182459735
area_average_p_rgh_rolling_0p05s_peak_mean_Pa,Area-average 0.050 s rolling peak pressure [Pa],poly2_ridge,raw,63.55995075578612,37.49400333836179,0.05635223458461782,0.9210247966425452,451.11560533945294,54.150087785488125,30.616432194767537,0.07010041008530654,0.9201994899959478,319.395494506447
area_average_p_rgh_rolling_0p05s_peak_mean_Pa,Area-average 0.050 s rolling peak pressure [Pa],poly2_ridge,log1p,65.35648224014086,38.01536909061997,0.05794503889678595,0.9164972100846007,469.2644630673492,55.415675857647365,32.2967313285356,0.07173878679872732,0.9164257273623365,324.1944589313007
area_average_p_rgh_rolling_0p05s_peak_mean_Pa,Area-average 0.050 s rolling peak pressure [Pa],poly3_ridge,raw,55.3522832435141,29.62370942407593,0.049075318861048066,0.9401044263653853,431.9967960101278,48.666827953801146,23.78324474954711,0.06300201415420045,0.9355425058863376,309.30744745201173
area_average_p_rgh_rolling_0p05s_peak_mean_Pa,Area-average 0.050 s rolling peak pressure [Pa],poly3_ridge,log1p,55.879935021941776,29.13724005237864,0.0495431347804026,0.9389570612186108,438.14251488162495,49.036277357800095,23.116425324439366,0.06348028770435044,0.9345601458774674,323.4528764826978
area_average_p_rgh_rolling_0p05s_peak_mean_Pa,Area-average 0.050 s rolling peak pressure [Pa],rbf_svr,raw,67.7667421546327,32.1758705874053,0.060081974663668686,0.9102247001922089,511.9665914697589,48.116507560541336,19.109931589770085,0.06228959268226041,0.9369920236071734,334.10296111931984
area_average_p_rgh_rolling_0p05s_peak_mean_Pa,Area-average 0.050 s rolling peak pressure [Pa],rbf_svr,log1p,50.65244314867689,25.992538692329674,0.04490844194586498,0.9498438209231512,499.5040651013444,47.63514189512349,24.63109592925121,0.06166643708036274,0.938246402422695,293.7263692930387
area_average_p_rgh_rolling_0p05s_peak_mean_Pa,Area-average 0.050 s rolling peak pressure [Pa],kernel_ridge_rbf,raw,25.740277017929383,12.661511815266083,0.02282132241355389,0.9870476049579441,175.2640504173512,87.25395727393737,45.003495064807126,0.11295527738937512,0.7928057958960799,395.89030516309117
area_average_p_rgh_rolling_0p05s_peak_mean_Pa,Area-average 0.050 s rolling peak pressure [Pa],kernel_ridge_rbf,log1p,26.93624330929989,15.10582346995773,0.02388166579338999,0.985816033354479,199.92819472764018,152.32571106135163,98.77264824311798,0.19719441368658913,0.36852848453583154,502.9838373443522
area_average_p_rgh_rolling_0p05s_peak_mean_Pa,Area-average 0.050 s rolling peak pressure [Pa],random_forest,raw,41.28510600057886,22.59520368857895,0.036603363447125406,0.9666795807870632,321.8950292063314,76.43243621971064,46.87554976407461,0.09894619458505563,0.8410125872312596,396.1606520796713
area_average_p_rgh_rolling_0p05s_peak_mean_Pa,Area-average 0.050 s rolling peak pressure [Pa],random_forest,log1p,41.600684554990174,22.493495145893313,0.03688315530530966,0.9661682390819804,341.4264146460714,73.98842307783771,45.90141552340814,0.09578227868933505,0.8510176297601905,383.86626155139356
area_average_p_rgh_rolling_0p05s_peak_mean_Pa,Area-average 0.050 s rolling peak pressure [Pa],extra_trees,raw,1.626504319477615e-11,1.3674571031722194e-11,1.44205827528513e-14,1.0,3.7971403799019754e-11,60.057942383615334,25.69973940572338,0.07774846841706179,0.9018369068212887,282.0234155959629
area_average_p_rgh_rolling_0p05s_peak_mean_Pa,Area-average 0.050 s rolling peak pressure [Pa],extra_trees,log1p,1.351863614374057e-10,1.2145135043434656e-10,1.1985619028611528e-13,1.0,2.914930519182235e-10,57.768647022787874,24.645029782008034,0.07478484360751159,0.9091778603009788,290.8650172419982
area_average_p_rgh_rolling_0p05s_peak_mean_Pa,Area-average 0.050 s rolling peak pressure [Pa],gradient_boosting,raw,37.70952993102798,20.23184679621429,0.033433258702698206,0.9722012104190505,271.9433361533438,78.87289764028185,48.75715557336729,0.10210551257281444,0.8306976721950619,385.0681030237979
area_average_p_rgh_rolling_0p05s_peak_mean_Pa,Area-average 0.050 s rolling peak pressure [Pa],gradient_boosting,log1p,37.71973703687563,19.70142041755246,0.03344230831989138,0.9721861593913729,287.45825072911066,78.5501707183439,48.83170172290803,0.10168772396897988,0.8320803178901075,393.0703881904942
area_average_p_rgh_rolling_0p05s_peak_mean_Pa,Area-average 0.050 s rolling peak pressure [Pa],knn_distance,raw,0.0,0.0,0.0,1.0,0.0,51.2746166783328,26.764880367034145,0.06637794698241091,0.9284495809646307,284.7985547412127
area_average_p_rgh_rolling_0p05s_peak_mean_Pa,Area-average 0.050 s rolling peak pressure [Pa],knn_distance,log1p,3.703512529354865e-13,3.069213169977156e-13,3.283533173950386e-16,1.0,9.094947017729282e-13,50.35476759052286,25.86008948151561,0.06518714931413173,0.9309937338940972,297.5903787771085
area_average_p_rgh_rolling_0p05s_peak_mean_Pa,Area-average 0.050 s rolling peak pressure [Pa],gaussian_process_matern,raw,0.011945271536277745,0.006815056396149585,1.059067440715414e-05,0.9999999972105685,0.062167844739406064,77.1910350123236,35.45870299386097,0.09992824445103272,0.8378409970979004,401.44901641694037
area_average_p_rgh_rolling_0p05s_peak_mean_Pa,Area-average 0.050 s rolling peak pressure [Pa],gaussian_process_matern,log1p,0.012265320844958339,0.006730706429423758,1.0874430034824632e-05,0.9999999970590917,0.07311313251625506,74.19100822462896,35.047469921016535,0.09604453683974684,0.8502006658702581,370.53030208469477
area_average_p_rgh_rolling_0p05s_peak_mean_Pa,Area-average 0.050 s rolling peak pressure [Pa],gaussian_process_rbf,raw,154.0381205182518,123.80565940158165,0.1365701546209575,0.5361473194157662,494.6101540679988,196.11012423059807,168.13058530612247,0.2538758604585227,-0.046664191892467066,386.6680534322825
area_average_p_rgh_rolling_0p05s_peak_mean_Pa,Area-average 0.050 s rolling peak pressure [Pa],gaussian_process_rbf,log1p,154.10840731925774,124.3274543404408,0.13663247087909478,0.5357239156612484,470.4368935686068,200.71460104234671,170.8656342093973,0.2598366211134364,-0.09639051543236565,404.7729013500175
maximum_p_rgh_top_0p01_mean_Pa,Local maximum top 1% pressure [Pa],poly2_ridge,raw,784.2665554766818,517.1503679073882,0.11670349611691212,0.35944294421107725,4656.71024004844,686.7480781769491,478.877596688562,0.16844579950726843,0.24913538395931667,3138.2939750238693
maximum_p_rgh_top_0p01_mean_Pa,Local maximum top 1% pressure [Pa],poly2_ridge,log1p,792.1905154531846,502.75445679269046,0.11788262816824166,0.34643361658656613,4895.739166799231,695.47920991384,466.4567319891373,0.17058737443519262,0.2299214303811804,3317.595312124672
maximum_p_rgh_top_0p01_mean_Pa,Local maximum top 1% pressure [Pa],poly3_ridge,raw,738.8054149839924,493.21738228160496,0.10993860987267559,0.4315522278999735,4507.370954661896,680.1339719842081,476.21945122242323,0.16682348931657986,0.2635289676510285,3023.535127285796
maximum_p_rgh_top_0p01_mean_Pa,Local maximum top 1% pressure [Pa],poly3_ridge,log1p,745.1533654965998,471.846922273634,0.11088322240629071,0.421741848593405,4750.355032488719,679.1794502451319,450.61366076362737,0.16658936390349888,0.2655946910199466,3238.959476487923
maximum_p_rgh_top_0p01_mean_Pa,Local maximum top 1% pressure [Pa],rbf_svr,raw,881.4924138371833,453.39871522955343,0.1311712781540305,0.1907781754024379,5438.202223071756,733.4414567339657,352.3289344545037,0.1798987670985452,0.14355862138661124,3596.5963014443305
maximum_p_rgh_top_0p01_mean_Pa,Local maximum top 1% pressure [Pa],rbf_svr,log1p,659.8339248434619,334.0900704034619,0.09818718565522892,0.5465810046614074,4867.424080131967,669.1809518362569,396.65610293314165,0.16413692885216824,0.28705853512030777,2995.282166228031
maximum_p_rgh_top_0p01_mean_Pa,Local maximum top 1% pressure [Pa],kernel_ridge_rbf,raw,299.3556183035095,188.3661372256299,0.04454588429698528,0.9066734405140915,1550.0994547484606,1095.094360681537,736.8354818571152,0.26860511297036793,-0.9092808583769636,3678.1878058442016
maximum_p_rgh_top_0p01_mean_Pa,Local maximum top 1% pressure [Pa],kernel_ridge_rbf,log1p,296.77011865140724,179.41531911185717,0.044161146676207866,0.9082785800242325,1945.6091393681236,1298.5366043657025,867.7917273706138,0.31850549490067154,-1.6845724337821113,4674.536259157379
maximum_p_rgh_top_0p01_mean_Pa,Local maximum top 1% pressure [Pa],random_forest,raw,485.43754047664265,296.85120884503476,0.07223597350212858,0.7545872362422004,3038.380113784573,757.1013780739273,490.96202158874206,0.1857020805595288,0.08741188838689118,3553.019383648526
maximum_p_rgh_top_0p01_mean_Pa,Local maximum top 1% pressure [Pa],random_forest,log1p,498.9505975877301,291.28965802407146,0.07424679622187708,0.740734026393479,3415.9636096027543,731.5169539285899,467.77835783077154,0.17942672440340426,0.14804721800043608,3557.336279333799
maximum_p_rgh_top_0p01_mean_Pa,Local maximum top 1% pressure [Pa],extra_trees,raw,6.374159229730813e-11,5.464657815987836e-11,9.485125455379528e-15,1.0,2.0190782379359007e-10,759.8676654650898,505.5630258703649,0.18638059646088845,0.08073089950483914,2332.3530251851416
maximum_p_rgh_top_0p01_mean_Pa,Local maximum top 1% pressure [Pa],extra_trees,log1p,5.97566435684283e-10,5.344209428734089e-10,8.89214154543292e-14,1.0,1.622538547962904e-09,726.3179527251858,479.05844327790413,0.17815151164027365,0.1601140980675816,2633.2547903223767
maximum_p_rgh_top_0p01_mean_Pa,Local maximum top 1% pressure [Pa],gradient_boosting,raw,504.8514466779786,330.621888376661,0.0751248774228174,0.7345653354431951,2842.1033018936287,746.0095565845883,484.269447493677,0.18298147485543506,0.11395553820048177,3330.4903291799556
maximum_p_rgh_top_0p01_mean_Pa,Local maximum top 1% pressure [Pa],gradient_boosting,log1p,512.5250670412779,316.33427433735017,0.07626675746094634,0.7264349254540469,3392.515241417612,717.5098563764383,452.4813644945209,0.17599105880647695,0.18036126168680877,3447.760334482622
maximum_p_rgh_top_0p01_mean_Pa,Local maximum top 1% pressure [Pa],knn_distance,raw,0.0,0.0,0.0,1.0,0.0,667.800033160929,455.52494714065443,0.16379821665520425,0.28999794444193416,2505.139215137623
maximum_p_rgh_top_0p01_mean_Pa,Local maximum top 1% pressure [Pa],knn_distance,log1p,2.7413801209511745e-12,2.377148688453149e-12,4.0793355532794713e-16,1.0,6.366462912410498e-12,661.0798259383514,434.0053993908607,0.1621498819682451,0.3042158333891085,2809.675885196224
maximum_p_rgh_top_0p01_mean_Pa,Local maximum top 1% pressure [Pa],gaussian_process_matern,raw,792.9784964804062,520.991030104704,0.1179998843996956,0.345132782934097,4520.034614031592,792.6864581224457,578.1549735989635,0.19443040095791275,-0.0003906210722495196,2768.3148960155486
maximum_p_rgh_top_0p01_mean_Pa,Local maximum top 1% pressure [Pa],gaussian_process_matern,log1p,792.318399301997,501.00628289145646,0.11790165804035475,0.3462225882312152,4715.950134644414,795.4690863239958,576.2623975033523,0.19511292493873822,-0.007426444810179955,2852.2764625502805
maximum_p_rgh_top_0p01_mean_Pa,Local maximum top 1% pressure [Pa],gaussian_process_rbf,raw,793.5474727056588,520.4678630975044,0.11808455142295535,0.344192687953392,4526.120385231394,792.6864581224457,578.1549735989635,0.19443040095791275,-0.0003906210722495196,2768.3148960155486
maximum_p_rgh_top_0p01_mean_Pa,Local maximum top 1% pressure [Pa],gaussian_process_rbf,log1p,794.1563812282783,500.8565699052473,0.11817516060794332,0.34318586761350434,4721.587477587366,795.4690863239958,576.2623975033523,0.19511292493873822,-0.007426444810179955,2852.2764625502805
maximum_p_rgh_top_0p05_mean_Pa,Local maximum top 5% pressure [Pa],poly2_ridge,raw,211.02695966711104,155.50298237967732,0.06726946707662435,0.8660555316170178,1275.041460350718,165.5089325249296,117.8874109283828,0.08055495876129755,0.8895406309567111,726.203797542139
maximum_p_rgh_top_0p05_mean_Pa,Local maximum top 5% pressure [Pa],poly2_ridge,log1p,215.2250723631197,156.33017073815594,0.06860770748075848,0.8606732123676483,1315.149858276638,169.71961951508948,119.42655055889766,0.08260434492840348,0.8838487783858906,748.878645924096
maximum_p_rgh_top_0p05_mean_Pa,Local maximum top 5% pressure [Pa],poly3_ridge,raw,198.3543237341686,144.38977590919305,0.06322978671061857,0.8816598154222993,1211.3749187268313,159.7539979734101,110.9252618121947,0.07775397087261188,0.8970886787662652,688.9452956706828
maximum_p_rgh_top_0p05_mean_Pa,Local maximum top 5% pressure [Pa],poly3_ridge,log1p,199.7597476465669,142.49777623416665,0.06367779637607988,0.8799768942836166,1236.1407847189193,160.05933624833835,109.27514832823418,0.07790258226034702,0.8966949134157155,720.9268646763394
maximum_p_rgh_top_0p05_mean_Pa,Local maximum top 5% pressure [Pa],rbf_svr,raw,264.8341121001167,177.01917953670625,0.0844216758502747,0.7890416369892245,1389.4465425867606,173.7168430431329,118.2753117281262,0.08454983615687676,0.8783131806869496,717.5365098078723
maximum_p_rgh_top_0p05_mean_Pa,Local maximum top 5% pressure [Pa],rbf_svr,log1p,159.01091210199726,106.98880782255797,0.05068821222341855,0.9239493804425836,1229.8223727392296,178.5166340971149,122.46739694686643,0.08688594554093146,0.8714958769354716,595.6098443576257
maximum_p_rgh_top_0p05_mean_Pa,Local maximum top 5% pressure [Pa],kernel_ridge_rbf,raw,77.55065232392295,55.387935328124506,0.024720969593194222,0.9819107812976885,358.2416983800349,294.65138411132335,211.06878412924348,0.1434099642475293,0.6499124600932056,1011.4385224317934
maximum_p_rgh_top_0p05_mean_Pa,Local maximum top 5% pressure [Pa],kernel_ridge_rbf,log1p,81.62142932254574,59.49855239756386,0.026018618953811978,0.9799618653611983,399.2535659642226,510.5481354170226,355.66579509170003,0.24848921062300292,-0.05107346392706558,1714.632857852876
maximum_p_rgh_top_0p05_mean_Pa,Local maximum top 5% pressure [Pa],random_forest,raw,131.19102501710478,94.2920579215844,0.04182001367056679,0.9482325050808245,815.7449257166681,212.41421345344213,145.7598671269969,0.10338425814255164,0.818060569788454,812.0468986941005
maximum_p_rgh_top_0p05_mean_Pa,Local maximum top 5% pressure [Pa],random_forest,log1p,131.54690058676428,93.38985754238969,0.04193345680576785,0.9479512697746048,844.1781332939272,210.05262727884008,144.8091042832223,0.10223484902000979,0.8220836260632305,796.1118630368192
maximum_p_rgh_top_0p05_mean_Pa,Local maximum top 5% pressure [Pa],extra_trees,raw,5.3632670123047656e-11,4.775377501918236e-11,1.7096588714375993e-14,1.0,1.1368683772161603e-10,197.5708107810848,141.2171231259213,0.09615981610242806,0.8425998118888636,527.7896202222091
maximum_p_rgh_top_0p05_mean_Pa,Local maximum top 5% pressure [Pa],extra_trees,log1p,4.92600887012147e-10,4.4394610695739116e-10,1.5702732581207743e-13,1.0,1.065018295776099e-09,191.95275043180587,137.4841675111741,0.09342544634455123,0.8514241027585839,540.9054787202913
maximum_p_rgh_top_0p05_mean_Pa,Local maximum top 5% pressure [Pa],gradient_boosting,raw,136.22844212994286,100.4932904837223,0.0434258007470514,0.9441806879967508,775.1183962960677,207.37234377303142,145.17392002676374,0.10093032651487865,0.826595104047355,784.466226472206
maximum_p_rgh_top_0p05_mean_Pa,Local maximum top 5% pressure [Pa],gradient_boosting,log1p,136.28459454720095,99.51686223584757,0.04344370056037371,0.9441346618477853,818.3538146822184,203.61423012258004,141.87570906760297,0.09910121260837224,0.8328232277092975,793.0291978818464
maximum_p_rgh_top_0p05_mean_Pa,Local maximum top 5% pressure [Pa],knn_distance,raw,0.0,0.0,0.0,1.0,0.0,167.4010521252364,118.27702049044889,0.08147587350619324,0.8870006229351286,548.2941720343638
maximum_p_rgh_top_0p05_mean_Pa,Local maximum top 5% pressure [Pa],knn_distance,log1p,2.121759685891532e-12,1.8097088453645002e-12,6.763573884575749e-16,1.0,4.547473508864641e-12,165.77801989892765,115.29332045447408,0.08068592644977765,0.8891811653572737,587.5846821283576
maximum_p_rgh_top_0p05_mean_Pa,Local maximum top 5% pressure [Pa],gaussian_process_matern,raw,315.2296324969044,249.90644243845256,0.10048635216219623,0.7011157911256884,1082.2396440501743,508.091223611262,422.98617957240054,0.24729340550134654,-0.04098163911480701,1120.8183634596699
maximum_p_rgh_top_0p05_mean_Pa,Local maximum top 5% pressure [Pa],gaussian_process_matern,log1p,314.3124690567244,250.26464125926555,0.1001939862202313,0.7028524735658075,1117.5395934572853,517.5710242154403,428.3469834820142,0.251907325336881,-0.0801886069087494,1161.0243927817728
maximum_p_rgh_top_0p05_mean_Pa,Local maximum top 5% pressure [Pa],gaussian_process_rbf,raw,317.20278540159825,251.3635342015412,0.10111533788311469,0.6973624005130453,1090.1655480526806,508.091223611262,422.98617957240054,0.24729340550134654,-0.04098163911480701,1120.8183634596699
maximum_p_rgh_top_0p05_mean_Pa,Local maximum top 5% pressure [Pa],gaussian_process_rbf,log1p,317.02197559042725,252.013945446142,0.10105770079419067,0.6977073171040296,1130.6251157549586,517.5710242154403,428.3469834820142,0.251907325336881,-0.0801886069087494,1161.0243927817728
maximum_p_rgh_rolling_0p025s_peak_mean_Pa,Local maximum 0.025 s rolling peak pressure [Pa],poly2_ridge,raw,107.92245057428916,65.72135222850284,0.03530976749127515,0.9603718359222089,856.3839776732993,83.39283162046878,65.4421854904014,0.04440227569002602,0.9691159009477512,287.41228492971277
maximum_p_rgh_rolling_0p025s_peak_mean_Pa,Local maximum 0.025 s rolling peak pressure [Pa],poly2_ridge,log1p,112.10004006955585,68.47280108042831,0.03667657961393281,0.9572445096374578,868.5090553074378,89.5537358401942,69.71714433315947,0.04768263159530443,0.9643840190206721,304.370577150974
maximum_p_rgh_rolling_0p025s_peak_mean_Pa,Local maximum 0.025 s rolling peak pressure [Pa],poly3_ridge,raw,89.90082352573911,46.74252603622646,0.029413501630811308,0.9725015828337871,757.089603181912,60.43135584568342,37.112077418599156,0.032176503308990495,0.9837818179210052,234.74206195316765
maximum_p_rgh_rolling_0p025s_peak_mean_Pa,Local maximum 0.025 s rolling peak pressure [Pa],poly3_ridge,log1p,90.6010383769778,45.87583794799436,0.02964259598012982,0.9720715581750751,777.6965599369214,60.58476592239682,36.86502297491655,0.03225818606741819,0.9836993709673691,254.46645310523036
maximum_p_rgh_rolling_0p025s_peak_mean_Pa,Local maximum 0.025 s rolling peak pressure [Pa],rbf_svr,raw,169.18703244627437,100.60549751255945,0.055354143150266585,0.902609969483408,1024.43346070377,78.06208710317485,59.20712427434633,0.041563935953977504,0.9729381294317787,239.60746918412224
maximum_p_rgh_rolling_0p025s_peak_mean_Pa,Local maximum 0.025 s rolling peak pressure [Pa],rbf_svr,log1p,82.23905062751258,57.520772252759045,0.026906744063986906,0.9769889448981696,575.6392503632251,83.76661239064464,63.520434978452435,0.0446012941965628,0.96883842498438,278.36088475079714
maximum_p_rgh_rolling_0p025s_peak_mean_Pa,Local maximum 0.025 s rolling peak pressure [Pa],kernel_ridge_rbf,raw,26.061577842157174,14.093736583203556,0.00852675462024366,0.9976890967293002,166.28957789980268,143.94554370869682,75.5830915902669,0.07664339478473171,0.9079817553642328,776.4832691689303
maximum_p_rgh_rolling_0p025s_peak_mean_Pa,Local maximum 0.025 s rolling peak pressure [Pa],kernel_ridge_rbf,log1p,40.45649872833497,29.021645185915997,0.013236444836148826,0.9944312599561578,230.7330749094035,437.3334654558988,279.1364977304401,0.2328569581378862,0.15061826365955022,1525.756916140112
maximum_p_rgh_rolling_0p025s_peak_mean_Pa,Local maximum 0.025 s rolling peak pressure [Pa],random_forest,raw,65.68135662491827,38.20643269675882,0.02148944374962053,0.9853220776831035,389.2443272976325,126.58992103245625,106.86735057136245,0.06740244292031092,0.928833476121523,264.3723029734483
maximum_p_rgh_rolling_0p025s_peak_mean_Pa,Local maximum 0.025 s rolling peak pressure [Pa],random_forest,log1p,65.27854772028894,37.552678702652905,0.0213576538515021,0.9855015583885677,406.3045381888405,125.56789125954958,105.82526130030878,0.06685826607851054,0.9299779699911739,273.1209039922037
maximum_p_rgh_rolling_0p025s_peak_mean_Pa,Local maximum 0.025 s rolling peak pressure [Pa],extra_trees,raw,5.6643897313555385e-11,4.9515755279614175e-11,1.8532592924810718e-14,1.0,1.1459633242338896e-10,74.74500955283119,44.213022083327935,0.03979776745947343,0.9751891353903847,352.19842370366723
maximum_p_rgh_rolling_0p025s_peak_mean_Pa,Local maximum 0.025 s rolling peak pressure [Pa],extra_trees,log1p,5.358060085494565e-10,4.84209145730193e-10,1.753035210156421e-13,1.0,1.1223164619877934e-09,69.80039132470732,42.133360120892505,0.037165019566389595,0.9783631910546585,314.35558477814857
maximum_p_rgh_rolling_0p025s_peak_mean_Pa,Local maximum 0.025 s rolling peak pressure [Pa],gradient_boosting,raw,50.881760425020516,27.49729983324702,0.016647352989056913,0.9911914461516933,336.6943273303077,126.14778370869618,103.99585480685418,0.06716702816150057,0.9293297309102452,320.6802344501084
maximum_p_rgh_rolling_0p025s_peak_mean_Pa,Local maximum 0.025 s rolling peak pressure [Pa],gradient_boosting,log1p,50.789623790891746,26.970204051526043,0.016617207981125724,0.9912233183071679,361.9295165163294,124.62031606369425,102.99025655374517,0.0663537323642114,0.9310307994167759,323.4699945456041
maximum_p_rgh_rolling_0p025s_peak_mean_Pa,Local maximum 0.025 s rolling peak pressure [Pa],knn_distance,raw,0.0,0.0,0.0,1.0,0.0,75.15233683138194,53.00578144094525,0.04001464770885255,0.9749179820645676,315.40505723222986
maximum_p_rgh_rolling_0p025s_peak_mean_Pa,Local maximum 0.025 s rolling peak pressure [Pa],knn_distance,log1p,2.3687977109714676e-12,2.0297906536652376e-12,7.750166528204619e-16,1.0,4.547473508864641e-12,73.29661655814027,52.861716902093264,0.03902657473453443,0.9761413783224142,279.75929169770325
maximum_p_rgh_rolling_0p025s_peak_mean_Pa,Local maximum 0.025 s rolling peak pressure [Pa],gaussian_process_matern,raw,0.06577923928697456,0.04203300635228261,2.152146872700237e-05,0.999999985278297,0.38979064472823666,92.48865507397836,54.96437791744529,0.04924532098255937,0.9620113007167014,424.8825382188893
maximum_p_rgh_rolling_0p025s_peak_mean_Pa,Local maximum 0.025 s rolling peak pressure [Pa],gaussian_process_matern,log1p,0.08162437299087834,0.052639520568977166,2.670563554285764e-05,0.9999999773316415,0.5231815513916445,86.80165283912457,53.240646488569865,0.046217292839433065,0.9665394184205535,381.24758933898875
maximum_p_rgh_rolling_0p025s_peak_mean_Pa,Local maximum 0.025 s rolling peak pressure [Pa],gaussian_process_rbf,raw,293.85104832119583,233.38038953111717,0.09614136945627103,0.7062114641267868,963.3806492811004,481.8949053819513,406.0028952623905,0.25658356991365733,-0.03129322633993481,979.4628882410107
maximum_p_rgh_rolling_0p025s_peak_mean_Pa,Local maximum 0.025 s rolling peak pressure [Pa],gaussian_process_rbf,log1p,134.6576494577475,98.51990547109308,0.04405691557199905,0.9383060730868802,732.0941098851436,488.7279655206744,411.6289650864638,0.2602218133236777,-0.06074715691585775,1012.4759782100973
maximum_p_rgh_rolling_0p05s_peak_mean_Pa,Local maximum 0.050 s rolling peak pressure [Pa],poly2_ridge,raw,43.824130342497725,28.73434974985227,0.016632812117293675,0.9931004066340883,399.1968963472991,36.82878650939602,28.8139541616376,0.020098194402193657,0.99450523881313,121.71014459046091
maximum_p_rgh_rolling_0p05s_peak_mean_Pa,Local maximum 0.050 s rolling peak pressure [Pa],poly2_ridge,log1p,48.95900990312045,33.41996344505958,0.018581681069382086,0.9913888305419827,418.69534072230726,45.86154522545145,37.602738262676986,0.025027548797757978,0.9914793766066637,130.1945313502847
maximum_p_rgh_rolling_0p05s_peak_mean_Pa,Local maximum 0.050 s rolling peak pressure [Pa],poly3_ridge,raw,32.07652618189523,19.893641799593997,0.01217417959442175,0.9963036631600624,354.76140731627765,28.587160324301674,22.284117149876526,0.01560057661573805,0.9966893288986667,74.13551979648946
maximum_p_rgh_rolling_0p05s_peak_mean_Pa,Local maximum 0.050 s rolling peak pressure [Pa],poly3_ridge,log1p,32.43021260859589,19.58170189995183,0.012308416140310356,0.9962216996851675,363.2314998292859,27.329080498878913,21.029203801387574,0.014914017668204615,0.9969743126953224,70.70738015663028
maximum_p_rgh_rolling_0p05s_peak_mean_Pa,Local maximum 0.050 s rolling peak pressure [Pa],rbf_svr,raw,126.54954940156357,79.31029690442487,0.048030043318012264,0.942466858446705,639.5413631294887,61.26960803283929,49.02764659610402,0.03343603224276869,0.9847922765190924,139.7026067049901
maximum_p_rgh_rolling_0p05s_peak_mean_Pa,Local maximum 0.050 s rolling peak pressure [Pa],rbf_svr,log1p,53.414930199697416,43.1168424562266,0.020272860894820145,0.9897500389949763,259.34829058277955,69.55864997582451,54.58364966708008,0.03795952574249482,0.9803990874005326,191.91701051779546
maximum_p_rgh_rolling_0p05s_peak_mean_Pa,Local maximum 0.050 s rolling peak pressure [Pa],kernel_ridge_rbf,raw,11.627212509862469,5.61781295009025,0.0044129396205462,0.999514322367368,107.53944541044439,74.99408196192225,49.77854764312114,0.04092574806667113,0.9772161040058003,311.2899236141461
maximum_p_rgh_rolling_0p05s_peak_mean_Pa,Local maximum 0.050 s rolling peak pressure [Pa],kernel_ridge_rbf,log1p,29.501620403810673,21.58790787592517,0.011196911507367832,0.9968732826461709,131.87041160028866,364.14946184215904,247.4492625475298,0.19872353583224098,0.46280328505176416,1103.8780000239885
maximum_p_rgh_rolling_0p05s_peak_mean_Pa,Local maximum 0.050 s rolling peak pressure [Pa],random_forest,raw,41.30510233321068,29.871900382324277,0.01567675162575116,0.9938707930175554,291.1062680936366,119.10046189502025,97.04533015495889,0.06499546858396966,0.942535332941426,302.498314452419
maximum_p_rgh_rolling_0p05s_peak_mean_Pa,Local maximum 0.050 s rolling peak pressure [Pa],random_forest,log1p,41.39005610464909,29.642165997389096,0.015708994595730198,0.993845554744771,306.22892191250594,118.35767336374782,96.557670841774,0.06459011424796882,0.9432498724481755,308.12613680908044
maximum_p_rgh_rolling_0p05s_peak_mean_Pa,Local maximum 0.050 s rolling peak pressure [Pa],extra_trees,raw,5.671493148116513e-11,5.02608515221745e-11,2.1525328448026874e-14,1.0,1.1550582712516189e-10,43.93410306892574,29.698324304720693,0.023975705638305683,0.9921805261363682,213.60288252525106
maximum_p_rgh_rolling_0p05s_peak_mean_Pa,Local maximum 0.050 s rolling peak pressure [Pa],extra_trees,log1p,4.695858032326135e-10,4.220320575031569e-10,1.7822447078983706e-13,1.0,9.677023626863956e-10,42.593143113417106,29.955940725291967,0.023243917370872717,0.9926505746614079,199.9846425989258
maximum_p_rgh_rolling_0p05s_peak_mean_Pa,Local maximum 0.050 s rolling peak pressure [Pa],gradient_boosting,raw,18.32864472117725,10.127797599953222,0.006956370876716241,0.9987931380674228,207.2073137138159,120.0739989651557,95.34005337427514,0.06552674694385623,0.9415920514781035,345.77659537709087
maximum_p_rgh_rolling_0p05s_peak_mean_Pa,Local maximum 0.050 s rolling peak pressure [Pa],gradient_boosting,log1p,18.50504850562666,10.294040209606793,0.007023322370803994,0.9987697954233811,212.43315285354493,118.1716283525128,94.13924742322413,0.06448858581986257,0.9434281419217091,340.55075623736184
maximum_p_rgh_rolling_0p05s_peak_mean_Pa,Local maximum 0.050 s rolling peak pressure [Pa],knn_distance,raw,0.0,0.0,0.0,1.0,0.0,46.571994525268046,38.805274566968166,0.025415254978002972,0.9912133428920297,112.42594278608794
maximum_p_rgh_rolling_0p05s_peak_mean_Pa,Local maximum 0.050 s rolling peak pressure [Pa],knn_distance,log1p,2.207134493978684e-12,1.917098161463053e-12,8.37685838122514e-16,1.0,4.547473508864641e-12,46.14231200722627,38.671155544288204,0.025180768762264518,0.9913747298524157,108.97117987312504
maximum_p_rgh_rolling_0p05s_peak_mean_Pa,Local maximum 0.050 s rolling peak pressure [Pa],gaussian_process_matern,raw,26.534338295524645,13.160409836740252,0.010070722683530108,0.9974706239247484,343.61724073877394,34.91398453875873,26.2608060936498,0.019053249241218737,0.9950617527132521,91.96199967918346
maximum_p_rgh_rolling_0p05s_peak_mean_Pa,Local maximum 0.050 s rolling peak pressure [Pa],gaussian_process_matern,log1p,26.251868499574165,12.796643892212993,0.009963515375407019,0.9975241899416207,340.3826302798616,34.94076949374475,26.114318982111467,0.019067866318874166,0.9950541728583551,92.17711269685333
maximum_p_rgh_rolling_0p05s_peak_mean_Pa,Local maximum 0.050 s rolling peak pressure [Pa],gaussian_process_rbf,raw,291.7012201391924,247.21727145667438,0.11071096108564522,0.6943155308619814,753.2932982892753,509.6269794686217,433.0812977338988,0.2781134834119488,-0.05215282584068692,969.4327898224219
maximum_p_rgh_rolling_0p05s_peak_mean_Pa,Local maximum 0.050 s rolling peak pressure [Pa],gaussian_process_rbf,log1p,101.58735861375675,79.11166916720457,0.03855600638528151,0.9629254217442208,382.8828987642428,518.0878438171709,437.85690549531876,0.2827307437836515,-0.08737866567138797,1002.8345199008354
area_average_pressure_impulse_Pa_s,Area-average pressure impulse [Pa s],poly2_ridge,raw,31.39421810320509,24.02152884112411,0.042041337224842226,0.9668347817519058,106.14944207095152,26.20123679563961,20.847065333951814,0.050059926302560794,0.9633428435799287,103.57889986546525
area_average_pressure_impulse_Pa_s,Area-average pressure impulse [Pa s],poly2_ridge,log1p,30.31093603437587,23.572146566368332,0.04059066797690754,0.9690840772466638,87.3960899767626,26.301400601943833,21.381790054728267,0.05025129867176926,0.9630620370981108,99.03358280576185
area_average_pressure_impulse_Pa_s,Area-average pressure impulse [Pa s],poly3_ridge,raw,21.77761427940445,17.29761761995299,0.029163332651355654,0.9840410571242943,59.40740851039254,19.204079909110998,14.787994725714594,0.03669120020771588,0.9803074390951322,72.03382486593728
area_average_pressure_impulse_Pa_s,Area-average pressure impulse [Pa s],poly3_ridge,log1p,21.316980230259183,16.94186995270734,0.028546477938373217,0.9847090354225336,57.67858931447245,19.18055295174663,14.799779061284145,0.036646249743698865,0.980355660331912,70.11698728746182
area_average_pressure_impulse_Pa_s,Area-average pressure impulse [Pa s],rbf_svr,raw,25.63722406011512,19.47102193218633,0.03433190081934551,0.977883035780453,90.7458117647534,19.669948752095912,15.627528317270047,0.037581286432590774,0.9793404125291992,67.39006538703211
area_average_pressure_impulse_Pa_s,Area-average pressure impulse [Pa s],rbf_svr,log1p,15.475979701590537,13.167660887161784,0.020724544863022304,0.991940653644819,43.08906664954941,23.460971719496353,18.86847274139825,0.044824392238609984,0.9706094860591991,79.34914613747583
area_average_pressure_impulse_Pa_s,Area-average pressure impulse [Pa s],kernel_ridge_rbf,raw,7.106576334064085,5.664714527587835,0.009516719645391305,0.9983005657448975,26.12126852883989,27.52553723891081,22.404906983511015,0.05259012680834904,0.9595436407723623,72.35213733592173
area_average_pressure_impulse_Pa_s,Area-average pressure impulse [Pa s],kernel_ridge_rbf,log1p,9.053727328601667,7.264629979188501,0.01212423263774973,0.9972417200739115,34.761506512481446,80.015006923226,56.16736274522659,0.1528761936284697,0.6581322900642584,210.55258402236836
area_average_pressure_impulse_Pa_s,Area-average pressure impulse [Pa s],random_forest,raw,18.06855236915229,13.635016530594141,0.024196369561397094,0.989014236762356,72.45994503867905,38.705870830174135,31.931623432453833,0.07395120529414898,0.9200038889937467,112.51548934400284
area_average_pressure_impulse_Pa_s,Area-average pressure impulse [Pa s],random_forest,log1p,17.9869771156309,13.624190361106505,0.024087128658144767,0.9891132090998104,70.22258255588054,38.589478041714536,31.823641547401408,0.07372882592870594,0.9204842797289576,111.75329793879064
area_average_pressure_impulse_Pa_s,Area-average pressure impulse [Pa s],extra_trees,raw,1.3726003004541888e-11,1.1986835236741236e-11,1.838107638693604e-14,1.0,3.115019353572279e-11,22.472197661910577,18.066848105611424,0.04293524643840618,0.9730346363877188,70.28621638063692
area_average_pressure_impulse_Pa_s,Area-average pressure impulse [Pa s],extra_trees,log1p,9.692003381721574e-11,8.623163213609899e-11,1.2978975339209647e-13,1.0,2.1600499167107046e-10,22.25657849721143,17.86706748383667,0.04252328575202914,0.9735496154394215,66.55392092130796
area_average_pressure_impulse_Pa_s,Area-average pressure impulse [Pa s],gradient_boosting,raw,13.008260231534683,10.648953645022857,0.01741991640959586,0.9943059411650298,33.4303264014211,41.12676420457936,32.175462814535585,0.07857654969503816,0.9096840881875166,119.21135121322436
area_average_pressure_impulse_Pa_s,Area-average pressure impulse [Pa s],gradient_boosting,log1p,12.841243273168649,10.396151634848918,0.017196256873121627,0.9944512179745553,33.44880718815898,41.62091666303371,32.659537766909494,0.0795206744264543,0.9075006948553692,118.38300099982575
area_average_pressure_impulse_Pa_s,Area-average pressure impulse [Pa s],knn_distance,raw,0.0,0.0,0.0,1.0,0.0,22.01379378658025,17.032130157830487,0.04205942273608144,0.9741235332415484,75.10585396507099
area_average_pressure_impulse_Pa_s,Area-average pressure impulse [Pa s],knn_distance,log1p,2.8482961401668567e-13,2.303567120015252e-13,3.8142749136582635e-16,1.0,6.821210263296962e-13,21.864262957036853,16.80194360584894,0.04177373002755445,0.9744738761383088,72.79570357540524
area_average_pressure_impulse_Pa_s,Area-average pressure impulse [Pa s],gaussian_process_matern,raw,14.045680187769143,11.225580440719309,0.018809169745367945,0.9933615136211351,43.735110381871664,21.76382004312799,17.90123158923002,0.041581824397026006,0.9747078679298263,76.17978188850475
area_average_pressure_impulse_Pa_s,Area-average pressure impulse [Pa s],gaussian_process_matern,log1p,14.179038283239963,11.296438773914822,0.01898775526213159,0.9932348556518503,44.64684753782535,21.641063778562476,17.900768711010915,0.041347287012197295,0.9749923778744488,73.94681858204831
area_average_pressure_impulse_Pa_s,Area-average pressure impulse [Pa s],gaussian_process_rbf,raw,47.01279142518597,36.93135588416046,0.06295683529017822,0.9256269495769149,164.77488698902675,137.77210240730054,114.67667150431738,0.2632265547940124,-0.013532688395673675,270.3602726098212
area_average_pressure_impulse_Pa_s,Area-average pressure impulse [Pa s],gaussian_process_rbf,log1p,47.12705278642822,37.13849009263568,0.06310984755517439,0.9252649930716943,161.70238416765415,140.0021187111234,117.55346131878869,0.26748721060555253,-0.046608854573712,266.6619720959102
maximum_pressure_impulse_Pa_s,Maximum-pressure impulse [Pa s],poly2_ridge,raw,77.74603967805356,60.63023015817104,0.06171763245374126,0.934490275288511,270.24904741592127,69.07135992356847,57.7833575240433,0.06718249099194207,0.9145095031707933,142.61828928366367
maximum_pressure_impulse_Pa_s,Maximum-pressure impulse [Pa s],poly2_ridge,log1p,75.50774419787263,59.874373820863134,0.05994079213697754,0.9382080052976869,239.8674590999026,70.57945828798549,59.19381090238728,0.06864934794820474,0.9107355632602284,147.83526400491155
maximum_pressure_impulse_Pa_s,Maximum-pressure impulse [Pa s],poly3_ridge,raw,57.33486186171559,45.671902045262556,0.045514497533515795,0.9643723838905012,204.27871869153205,53.72232346419756,44.730547952257176,0.05225319895530423,0.9482832288860049,133.02587739353635
maximum_pressure_impulse_Pa_s,Maximum-pressure impulse [Pa s],poly3_ridge,log1p,56.644410017737634,45.19097125730109,0.0449663917610533,0.9652253042773952,206.00754416698464,52.678304444852515,44.07048216263238,0.05123773033791812,0.9502737850179407,134.4741399521845
maximum_pressure_impulse_Pa_s,Maximum-pressure impulse [Pa s],rbf_svr,raw,76.32826814764002,57.58127656579907,0.06059215387528523,0.9368577519134467,310.83423833319785,59.92572324024105,47.835323354285826,0.05828695665219375,0.9356500230203713,172.24601554547166
maximum_pressure_impulse_Pa_s,Maximum-pressure impulse [Pa s],rbf_svr,log1p,34.04063783881885,29.32255493117668,0.027022695732502898,0.9874413024538466,98.78748348378213,45.9743704392841,36.72652896926482,0.04471712633594026,0.9621249330557441,112.85752600616388
maximum_pressure_impulse_Pa_s,Maximum-pressure impulse [Pa s],kernel_ridge_rbf,raw,17.043393902328848,13.183882833100437,0.01352966562649486,0.9968518067316289,66.99890426987258,60.034371995060305,43.43529933959849,0.0583926342297021,0.9354164711322019,204.2590256451099
maximum_pressure_impulse_Pa_s,Maximum-pressure impulse [Pa s],kernel_ridge_rbf,log1p,20.88869074642841,16.80257859183131,0.01658220204227142,0.9952709744143531,67.83919037406667,172.79185381643373,119.21517942106658,0.1680665789025888,0.4649820468543404,529.3557404807289
maximum_pressure_impulse_Pa_s,Maximum-pressure impulse [Pa s],random_forest,raw,41.67305608873101,30.46690990248036,0.033081586786400226,0.9811782533087989,217.9575308208855,74.61020100670858,56.01542326178768,0.0725698634366952,0.900248772766576,258.13649510474806
maximum_pressure_impulse_Pa_s,Maximum-pressure impulse [Pa s],random_forest,log1p,41.34229648239701,30.317187828411157,0.032819017787402996,0.9814758445235814,212.66221797448134,74.74439373129142,56.323821153632736,0.07270038644247427,0.8998896281293551,258.0438849715233
maximum_pressure_impulse_Pa_s,Maximum-pressure impulse [Pa s],extra_trees,raw,2.4993639904575918e-11,2.196973280332244e-11,1.9840859903597294e-14,1.0,5.820766091346741e-11,44.03262442106149,34.326241094263956,0.042828480527862464,0.9652567077640036,128.89783102904494
maximum_pressure_impulse_Pa_s,Maximum-pressure impulse [Pa s],extra_trees,log1p,2.015738528449089e-10,1.7780223681452976e-10,1.6001665182796971e-13,1.0,4.4929038267582655e-10,42.67394030690708,33.195221413540274,0.04150695184562601,0.967367727556108,117.25782508716156
maximum_pressure_impulse_Pa_s,Maximum-pressure impulse [Pa s],gradient_boosting,raw,31.450974343220636,24.578483704197954,0.02496692671247244,0.9892794409876879,103.3682166423971,81.49717354411244,61.910629633887204,0.07926850048348096,0.8809835693773859,277.29587022843225
maximum_pressure_impulse_Pa_s,Maximum-pressure impulse [Pa s],gradient_boosting,log1p,31.65414527711983,24.793600008229635,0.02512821118529702,0.9891404855986936,96.93559663651467,80.81886239735982,61.49693993206345,0.07860873886076397,0.882956501796885,274.9821653765498
maximum_pressure_impulse_Pa_s,Maximum-pressure impulse [Pa s],knn_distance,raw,0.0,0.0,0.0,1.0,0.0,43.267837068736,35.328550525633844,0.04208460753238049,0.9664531150911697,96.70227441146926
maximum_pressure_impulse_Pa_s,Maximum-pressure impulse [Pa s],knn_distance,log1p,5.230358252074048e-13,4.381749255626134e-13,4.1520485099901664e-16,1.0,9.094947017729282e-13,42.65561519309536,34.72551533657481,0.04148912786192358,0.9673957475471011,93.09260184250297
maximum_pressure_impulse_Pa_s,Maximum-pressure impulse [Pa s],gaussian_process_matern,raw,31.22171731073539,24.397458633859834,0.024784934146330782,0.9894351630823135,98.03687714325042,44.44655606261231,35.100343004690906,0.04323109253391736,0.9646004241746581,100.61228003219958
maximum_pressure_impulse_Pa_s,Maximum-pressure impulse [Pa s],gaussian_process_matern,log1p,31.41908280091592,24.58228110797813,0.024941610046896982,0.9893011714317316,99.5439645703118,43.14763282263133,34.43170443957665,0.041967690467332744,0.966639252272125,97.35339808445292
maximum_pressure_impulse_Pa_s,Maximum-pressure impulse [Pa s],gaussian_process_rbf,raw,84.58535195127448,63.862416671495765,0.06714692715303336,0.922457545382917,283.6468676266795,238.31456311160477,199.8261768913991,0.23179746290228878,-0.01770754009602271,554.6389325620876
maximum_pressure_impulse_Pa_s,Maximum-pressure impulse [Pa s],gaussian_process_rbf,log1p,107.39523754470123,80.36982666446333,0.08525424350247812,0.8749973358753329,395.53688561665604,242.51318517991163,203.55787321466977,0.23588126680588536,-0.05388333927951794,578.0396614973524
first_distributed_wetting_time_s,First distributed wetting time [s],poly2_ridge,raw,0.051598699916326964,0.04407392745295029,0.1086288419291094,0.8808000055738593,0.13788435765999585,0.04548624877150496,0.03805432804381416,0.10221628937416845,0.9012351804680452,0.10621853825018407
first_distributed_wetting_time_s,First distributed wetting time [s],poly2_ridge,log1p,0.050489567017768605,0.04322542081514595,0.10629382530056548,0.8858694239541136,0.11223862921407783,0.046638566566626745,0.0388337293166531,0.10480576756545337,0.8961677134699102,0.11006751688010735
first_distributed_wetting_time_s,First distributed wetting time [s],poly3_ridge,raw,0.03844247650165862,0.03058833592094148,0.08093152947717605,0.9338360489423737,0.10232687879152408,0.04138391318723042,0.03157274789673485,0.09299755772411332,0.9182467288778914,0.09867307015344023
first_distributed_wetting_time_s,First distributed wetting time [s],poly3_ridge,log1p,0.03947894032777566,0.03111008634105168,0.08311355858479086,0.9302202047655037,0.1053614661450954,0.043595128266463855,0.032936072547837876,0.09796658037407609,0.9092768858002954,0.10193394303659375
first_distributed_wetting_time_s,First distributed wetting time [s],rbf_svr,raw,0.0217504012319018,0.017911950777537555,0.04579031838295116,0.9788196436686252,0.08416402792507294,0.02824472883202613,0.022403205973998686,0.06347130074612614,0.961918254251387,0.07053521526257506
first_distributed_wetting_time_s,First distributed wetting time [s],rbf_svr,log1p,0.023737088984210338,0.020618726405852408,0.04997281891412703,0.9747736955808812,0.07850586997840203,0.030544345245693206,0.026086229986080824,0.06863897808020945,0.9554647730408492,0.0685340381651302
first_distributed_wetting_time_s,First distributed wetting time [s],kernel_ridge_rbf,raw,0.009704819511165072,0.006391797653128981,0.020431198970873837,0.9957832908892448,0.04000226194472306,0.024220381661152354,0.017024871515722736,0.05442782395764575,0.9719970364686719,0.0754436576043554
first_distributed_wetting_time_s,First distributed wetting time [s],kernel_ridge_rbf,log1p,0.00970656626069699,0.00633214380660545,0.020434876338309454,0.9957817728398859,0.04225784588596515,0.024467257740873955,0.017260776610638507,0.0549826016648853,0.9714232639270642,0.07670369094704532
first_distributed_wetting_time_s,First distributed wetting time [s],random_forest,raw,0.016202793964279483,0.009652270628337348,0.034111145187956805,0.9882461935306383,0.10493759353741511,0.04296882596363167,0.023383658891373182,0.09655915946883523,0.9118648789668922,0.18575114847454083
first_distributed_wetting_time_s,First distributed wetting time [s],random_forest,log1p,0.016196881833404952,0.0095964261324004,0.034098698596642,0.9882547695039415,0.10074748938733202,0.04310348116119811,0.02346261604097507,0.09686175541842273,0.9113116198290929,0.18570868633956789
first_distributed_wetting_time_s,First distributed wetting time [s],extra_trees,raw,5.3788234651533446e-15,4.4408111784551e-15,1.1323838874007042e-14,1.0,1.2101430968414206e-14,0.025582470910786508,0.014074259259259455,0.057488698675924745,0.9687588502963821,0.08065555555555809
first_distributed_wetting_time_s,First distributed wetting time [s],extra_trees,log1p,5.7845667439280736e-15,4.700969124823166e-15,1.2178035250374892e-14,1.0,1.3655743202889425e-14,0.02653996073278934,0.014477472164593686,0.059640361197279425,0.9663765260841651,0.08490462075631999
first_distributed_wetting_time_s,First distributed wetting time [s],gradient_boosting,raw,0.01675898392572549,0.011543815073828907,0.03528207142257998,0.9874254027091385,0.08578788441297425,0.039893963642552245,0.02323263093005009,0.08964935650011742,0.9240275022280532,0.156426130179126
first_distributed_wetting_time_s,First distributed wetting time [s],gradient_boosting,log1p,0.016872138545494412,0.011575333942108924,0.03552029167472508,0.9872550251591868,0.08034864062927882,0.03964893251040847,0.023067083577117554,0.08909872474249095,0.9249578915047113,0.15522350652501493
first_distributed_wetting_time_s,First distributed wetting time [s],knn_distance,raw,0.0,0.0,0.0,1.0,0.0,0.02837413648807324,0.017055497335378554,0.06376210446758032,0.9615684998709123,0.10509684064547642
first_distributed_wetting_time_s,First distributed wetting time [s],knn_distance,log1p,2.902143028716513e-17,1.3028127329785001e-17,6.109774797297923e-17,1.0,1.1102230246251565e-16,0.029328846487554527,0.017422026570167125,0.06590752019675175,0.9589387662061939,0.10712633450938247
first_distributed_wetting_time_s,First distributed wetting time [s],gaussian_process_matern,raw,0.012324633365211416,0.007033965942869649,0.025946596558339825,0.9931994077848436,0.06486621399643216,0.023553591573049846,0.014963460297464355,0.05292941926528056,0.9735176628727172,0.07657500750588475
first_distributed_wetting_time_s,First distributed wetting time [s],gaussian_process_matern,log1p,0.012195119647853204,0.006816553804722707,0.02567393610074359,0.9933415851876775,0.06679702373445168,0.024046772467455346,0.015200660222439289,0.05403769093810191,0.9723970424111809,0.07821096253220405
first_distributed_wetting_time_s,First distributed wetting time [s],gaussian_process_rbf,raw,0.01585327060935497,0.009643814905900498,0.03337530654601046,0.9887478254013304,0.08388976018371752,0.14789144055427353,0.14105660835762873,0.3323403158523001,-0.04406637339598496,0.240466472303207
first_distributed_wetting_time_s,First distributed wetting time [s],gaussian_process_rbf,log1p,0.015540046433943753,0.009323019276717756,0.03271588722935527,0.9891880671219752,0.0831812768128467,0.14981509078212846,0.14354441002094134,0.33666312535309767,-0.07140372892707503,0.2487591445142489
